<?xml version="1.0" encoding="UTF-8"?>
<!DOCTYPE suite SYSTEM "http://testng.org/testng-1.0.dtd"><suite name="All Test Suite"><test verbose="2" preserve-order="true" name="D:/1.tester/Bai lab/Automation/asm3/Assignmemnt3/src/test/java"><classes><class name="com.api.auto.testcase.TC_API_CreateWork"><methods><include name="TC01_CheckStatuscod"/><include name="TC02_CheckFielId"/><include name="TC03_CheckFielMyWork"/><include name="TC04_CheckFielExperience"/><include name="TC05_CheckFileEducation"/></methods></class><class name="com.api.auto.testcase.TC_API_Login"><methods><include name="TC01_Validate200Ok"/><include name="TC02_ValidateMessage"/><include name="TC03_MessageEquals"/><include name="TC04_CheckToken"/><include name="TC05_CheckUserField"/><include name="TC06_CheckContainAccount"/><include name="TC07_CheckContainPassword"/><include name="TC08_CheckAccountInUser"/><include name="TC09_CheckPasswordInUser"/><include name="TC10_CheckTypeInUser"/></methods></class></classes></test></suite>